<?xml version="1.0" encoding="UTF-8"?>
<beans xmlns="http://www.springframework.org/schema/beans"
	xmlns:xsi="http://www.w3.org/2001/XMLSchema-instance"
	xmlns:tx="http://www.springframework.org/schema/tx"
	xsi:schemaLocation="http://www.springframework.org/schema/beans http://www.springframework.org/schema/beans/spring-beans.xsd
		http://www.springframework.org/schema/tx http://www.springframework.org/schema/tx/spring-tx-4.3.xsd">
	
	<!-- Root Context: defines shared resources visible to all other web components -->
	<!-- Connection Pool(DataSource) 설정 -->
	<bean name="dataSource" class="com.mchange.v2.c3p0.ComboPooledDataSource">
		<property name="driverClass" value="oracle.jdbc.OracleDriver" />
		<property name="jdbcUrl" value="jdbc:oracle:thin:@localhost:1521:orcl" />
		<property name="user" value="iotuser" />
		<property name="password" value="iot12345" />
		<property name="maxPoolSize" value="1" />
		<property name="initialPoolSize" value="1" />
		<property name="acquireIncrement" value="1" />
		<property name="minPoolSize" value="1" />
	</bean>

	<!-- JdbcTemplate 설정 -->
	<bean name="jdbcTemplate" class="org.springframework.jdbc.core.JdbcTemplate">
		<property name="dataSource" ref="dataSource" />
	</bean>

	<!-- MyBatis 설정 -->
	<!-- mybatis도 설정파일이 있는데 설정파일이라고 하지 않고 mapper.xml 이라고 함 테이블과 자바 객체와 매핑해주기 
		때문에 테이블당 하나의 xml이 매핑이 됨 -->
 		
	<bean name="sqlSessionFactory" class="org.mybatis.spring.SqlSessionFactoryBean">
		<property name="dataSource" ref="dataSource" /> 
		<property name="mapperLocations" value="/WEB-INF/mybatis/*.xml" />
	</bean>

	<bean name="sqlSessionTemplate" class="org.mybatis.spring.SqlSessionTemplate">
		<constructor-arg ref="sqlSessionFactory" />
	</bean>
	
	<!-- Transaction 설정 -->
	<bean 	id="transactionManager"  
				class="org.springframework.jdbc.datasource.DataSourceTransactionManager">
				<property name="dataSource" ref="dataSource"/> <!-- 커밋 롤백을 하는 곳이 DB이기 때문에  -->
	</bean>
	<tx:annotation-driven/>
	<!-- @Transactional 을 사용할 수 있게 해줌 -->	
</beans>
